Age,lx,mx
0,1,0
1,0.000062,4600
2,0.000034,8700
3,0.00002,11600
4,0.0000155,12700
5,0.000011,12700
6,0.0000065,12700
7,0.000002,12700
8,0.000002,12700
9,0,0
